approach,task,accuracy,precision_macro,recall_macro,f1_macro,f1_weighted
Baseline,Department,0.2825040128410915,0.37861544763724503,0.47192932397847753,0.34321170668807444,0.20910743026024647
Baseline,Seniority,0.7051597051597052,0.6118895405669599,0.7300772727272727,0.6157845487845488,0.7312642312642312
Class Balancing,Department,0.27447833065810595,0.4429110521178872,0.4341026702581518,0.34259605300734836,0.21466438451800532
Oversampling,Department,0.2696629213483146,0.4798337130551895,0.4355516017083584,0.34886265376972586,0.20752045972536787
Oversampling,Seniority,0.7051597051597052,0.5946117804551541,0.6986597593582887,0.6066242277193336,0.7273061605348161
Combined,Department,0.2680577849117175,0.4422587283013577,0.44090865497111326,0.346463638969651,0.19379335808795758
Two-Stage,Department,0.6853932584269663,,,0.5353367494842654,0.6804009731723868
