approach,task,accuracy,precision_macro,recall_macro,f1_macro,f1_weighted
Baseline,Department,0.27768860353130015,0.3249795149680615,0.4918548050195216,0.3273854971930763,0.21076597930017477
Baseline,Seniority,0.6904176904176904,0.5855411336263626,0.676159982174688,0.5841012314676336,0.7146936366512319
Class Balancing,Department,0.2841091492776886,0.3731482236015191,0.46590030088379975,0.3376921573298182,0.2028559900273174
Oversampling,Department,0.27608346709470305,0.4437880577825044,0.45330943043931077,0.3437454637256253,0.20050363634214813
Oversampling,Seniority,0.7100737100737101,0.6012729476202522,0.6910090017825312,0.6076373802177906,0.7289044711227167
Combined,Department,0.2825040128410915,0.48712350088616846,0.45357426898135694,0.3725526505140611,0.2099634213553401
Two-Stage,Department,0.6853932584269663,,,0.5353367494842654,0.6804009731723868
