{
  "approach": "Embedding-Based (Sentence Transformers)",
  "department": {
    "accuracy": 0.40376569037656906,
    "precision": 0.3789263658003914,
    "recall": 0.45680779403636046,
    "f1_macro": 0.36431664056805135,
    "f1_weighted": 0.43818758460483426,
    "per_class_f1": {
      "Administrative": 0.10204081632653061,
      "Business Development": 0.2222222222222222,
      "Consulting": 0.40476190476190477,
      "Customer Support": 0.2,
      "Human Resources": 0.5128205128205128,
      "Information Technology": 0.36363636363636365,
      "Marketing": 0.38461538461538464,
      "Other": 0.48677248677248675,
      "Project Management": 0.46511627906976744,
      "Purchasing": 0.42105263157894735,
      "Sales": 0.4444444444444444
    }
  },
  "seniority": {
    "accuracy": 0.3158995815899582,
    "precision": 0.23272023948749934,
    "recall": 0.4102246010013,
    "f1_macro": 0.25590275320885386,
    "f1_weighted": 0.2766742612986192,
    "per_class_f1": {
      "Director": 0.46153846153846156,
      "Junior": 0.10687022900763359,
      "Lead": 0.3592814371257485,
      "Management": 0.5859872611464968,
      "Professional": 0.0,
      "Senior": 0.021739130434782608
    }
  },
  "metadata": {
    "model_name": "paraphrase-multilingual-MiniLM-L12-v2",
    "training_samples": 19573,
    "dept_training_samples": 10145,
    "sen_training_samples": 9428,
    "embedding_method": "averaged_examples",
    "mean_dept_confidence": 0.6512297290335795,
    "mean_sen_confidence": 0.6533343450278993
  },
  "timestamp": "2026-01-07T12:11:11.191214"
}