{
  "approach": "Embedding-Based (Sentence Transformers)",
  "department": {
    "accuracy": 0.38284518828451886,
    "precision": 0.37019350121324024,
    "recall": 0.47820831528059404,
    "f1_macro": 0.3698966084375767,
    "f1_weighted": 0.4094273101554649,
    "per_class_f1": {
      "Administrative": 0.0970873786407767,
      "Business Development": 0.2978723404255319,
      "Consulting": 0.40425531914893614,
      "Customer Support": 0.2222222222222222,
      "Human Resources": 0.5,
      "Information Technology": 0.2962962962962963,
      "Marketing": 0.3870967741935484,
      "Other": 0.43023255813953487,
      "Project Management": 0.4943820224719101,
      "Purchasing": 0.45161290322580644,
      "Sales": 0.4878048780487805
    }
  },
  "seniority": {
    "accuracy": 0.3891213389121339,
    "precision": 0.31810199678775813,
    "recall": 0.5396980706393961,
    "f1_macro": 0.35340447472324454,
    "f1_weighted": 0.3462004998336623,
    "per_class_f1": {
      "Director": 0.5753424657534246,
      "Junior": 0.13793103448275862,
      "Lead": 0.38596491228070173,
      "Management": 0.6968641114982579,
      "Professional": 0.0,
      "Senior": 0.32432432432432434
    }
  },
  "metadata": {
    "model_name": "paraphrase-multilingual-MiniLM-L12-v2",
    "training_samples": 3297,
    "dept_training_samples": 1797,
    "sen_training_samples": 1500,
    "embedding_method": "averaged_examples",
    "mean_dept_confidence": 0.6562881983674256,
    "mean_sen_confidence": 0.6330436070443718
  },
  "timestamp": "2026-01-25T18:35:13.739949"
}