{
  "approach": "Pseudo-Labeling + Transformer",
  "department": {
    "accuracy": 0.32217573221757323,
    "precision": 0.36841487231940584,
    "recall": 0.5263642693120009,
    "f1_macro": 0.3610345545807062,
    "f1_weighted": 0.24045962375277688,
    "per_class_f1": {
      "Administrative": 0.10526315789473684,
      "Business Development": 0.25,
      "Consulting": 0.31932773109243695,
      "Customer Support": 0.2222222222222222,
      "Human Resources": 0.5263157894736842,
      "Information Technology": 0.5277777777777778,
      "Marketing": 0.46511627906976744,
      "Other": 0.03125,
      "Project Management": 0.5,
      "Purchasing": 0.28125,
      "Sales": 0.7428571428571429
    }
  },
  "seniority": {
    "accuracy": 0.4665271966527197,
    "precision": 0.4089732465231178,
    "recall": 0.6124096182207903,
    "f1_macro": 0.43587722459072104,
    "f1_weighted": 0.4335526931087557,
    "per_class_f1": {
      "Director": 0.7142857142857143,
      "Junior": 0.13636363636363635,
      "Lead": 0.6740331491712708,
      "Management": 0.7538461538461538,
      "Professional": 0.0,
      "Senior": 0.336734693877551
    }
  },
  "metadata": {
    "base_model": "distilbert-base-multilingual-cased",
    "pseudo_labeling_method": "embedding_classifier",
    "confidence_threshold": 0.85,
    "gold_samples": {
      "dept": 10145,
      "sen": 9428
    },
    "silver_samples": {
      "dept": 12,
      "sen": 34
    },
    "total_train_samples": 15694,
    "epochs": 3,
    "batch_size": 16,
    "learning_rate": 2e-05
  },
  "timestamp": "2026-01-07T13:22:20.495453"
}