{
  "approach": "Pseudo-Labeling + Transformer",
  "department": {
    "accuracy": 0.4435146443514644,
    "precision": 0.4424098491105383,
    "recall": 0.5251822728279517,
    "f1_macro": 0.43779211247396527,
    "f1_weighted": 0.47348568221945153,
    "per_class_f1": {
      "Administrative": 0.10204081632653061,
      "Business Development": 0.22727272727272727,
      "Consulting": 0.5633802816901409,
      "Customer Support": 0.4444444444444444,
      "Human Resources": 0.48484848484848486,
      "Information Technology": 0.42735042735042733,
      "Marketing": 0.5128205128205128,
      "Other": 0.4668587896253602,
      "Project Management": 0.5194805194805194,
      "Purchasing": 0.3684210526315789,
      "Sales": 0.6987951807228916
    }
  },
  "seniority": {
    "accuracy": 0.48326359832635984,
    "precision": 0.40374595589554807,
    "recall": 0.6033543029884664,
    "f1_macro": 0.4368621422542991,
    "f1_weighted": 0.4451519343963351,
    "per_class_f1": {
      "Director": 0.6764705882352942,
      "Junior": 0.14814814814814814,
      "Lead": 0.6702702702702703,
      "Management": 0.8088235294117647,
      "Professional": 0.0,
      "Senior": 0.31746031746031744
    }
  },
  "metadata": {
    "base_model": "distilbert-base-multilingual-cased",
    "pseudo_labeling_method": "embedding_classifier",
    "confidence_threshold": 0.7,
    "gold_samples": {
      "dept": 2597,
      "sen": 2409
    },
    "silver_samples": {
      "dept": 143,
      "sen": 119
    },
    "total_train_samples": 6524,
    "epochs": 3,
    "batch_size": 16,
    "learning_rate": 1e-05
  },
  "timestamp": "2026-01-13T10:25:10.968495"
}