{
  "approach": "Rule-Based (No Fallback)",
  "department": {
    "accuracy": 0.3020833333333333,
    "f1_macro": 0.4291666666666667,
    "precision": 0.5178571428571429,
    "recall": 0.4021464646464647
  },
  "seniority": {
    "accuracy": 0.4270833333333333,
    "f1_macro": 0.36459968602825743
  },
  "metadata": {
    "note": "This version excludes fallbacks to show raw matching capability.",
    "enhanced_accuracy_dept": 0.6979166666666666,
    "enhanced_accuracy_sen": 0.53125
  }
}