{
  "approach": "Rule-Based (Exact + Fuzzy Matching) WITH Text Normalization",
  "text_normalization": true,
  "improvements": [
    "Lowercase conversion",
    "Whitespace normalization"
  ],
  "department": {
    "accuracy": 0.602510460251046,
    "precision": 0.5928057899233065,
    "recall": 0.2556878789809616,
    "f1_macro": 0.3116937302575194
  },
  "seniority": {
    "accuracy": 0.18410041841004185,
    "precision": 0.36543456543456543,
    "recall": 0.17019166128494959,
    "f1_macro": 0.20424175919737933
  },
  "metadata": {
    "fuzzy_threshold": 0.8,
    "test_samples": 478
  },
  "timestamp": "2026-01-25T02:08:32.361386"
}