{
  "approach": "Rule-Based (Exact + Fuzzy Matching) WITHOUT Text Normalization",
  "text_normalization": false,
  "department": {
    "accuracy": 0.602510460251046,
    "precision": 0.5966434531651923,
    "recall": 0.2543986227826145,
    "f1_macro": 0.3093391723169812
  },
  "seniority": {
    "accuracy": 0.16317991631799164,
    "precision": 0.3749226963512678,
    "recall": 0.15737733335876009,
    "f1_macro": 0.1905198583892953
  },
  "metadata": {
    "fuzzy_threshold": 0.8,
    "test_samples": 478
  },
  "timestamp": "2026-01-25T02:08:32.361310"
}