{
  "approach": "Rule-Based (Exact + Fuzzy Matching) WITH Text Normalization",
  "text_normalization": true,
  "improvements": [
    "Lowercase conversion",
    "Whitespace normalization"
  ],
  "department": {
    "accuracy": 0.602510460251046,
    "precision": 0.5928057899233065,
    "recall": 0.2556878789809616,
    "f1_macro": 0.3116937302575194,
    "f1_weighted": 0.52596390342426,
    "per_class_f1": {
      "Administrative": 0.0,
      "Business Development": 0.36363636363636365,
      "Consulting": 0.4,
      "Customer Support": 0.0,
      "Human Resources": 0.23529411764705882,
      "Information Technology": 0.15151515151515152,
      "Marketing": 0.09523809523809523,
      "Other": 0.7272727272727273,
      "Project Management": 0.5769230769230769,
      "Purchasing": 0.47058823529411764,
      "Sales": 0.40816326530612246
    }
  },
  "seniority": {
    "accuracy": 0.4497907949790795,
    "precision": 0.492902171204058,
    "recall": 0.33002691746184076,
    "f1_macro": 0.32666061885484093,
    "f1_weighted": 0.43332051282216755,
    "per_class_f1": {
      "Director": 0.20408163265306123,
      "Junior": 0.2608695652173913,
      "Lead": 0.23931623931623933,
      "Management": 0.6130653266331658,
      "Professional": 0.5302713987473904,
      "Senior": 0.11235955056179775
    }
  },
  "metadata": {
    "training_samples": 5006,
    "dept_training_samples": 2597,
    "sen_training_samples": 2409,
    "fuzzy_threshold": 0.8,
    "dept_default": "Other",
    "sen_default": "Professional",
    "match_methods": {
      "department": {
        "exact": 11,
        "substring": 12,
        "keyword": 0,
        "default": 257
      },
      "seniority": {
        "exact": 31,
        "substring": 53,
        "keyword": 0,
        "default": 193
      }
    }
  },
  "timestamp": "2026-01-25T02:53:36.768324"
}