{
  "approach": "Rule-Based (Exact + Fuzzy Matching) WITH Text Normalization",
  "text_normalization": true,
  "improvements": [
    "Lowercase conversion",
    "Whitespace normalization"
  ],
  "department": {
    "in_distribution": {
      "accuracy": 1.0,
      "test_samples": 520
    },
    "real_world": {
      "accuracy": 0.7656903765690377,
      "precision": 0.7052134177894827,
      "recall": 0.5543080808080808,
      "f1_macro": 0.6117808164203148,
      "f1_weighted": 0.7593636337425111,
      "per_class_f1": {
        "Administrative": 0.0,
        "Business Development": 0.6153846153846154,
        "Consulting": 0.88,
        "Customer Support": 0.4,
        "Human Resources": 0.7142857142857143,
        "Information Technology": 0.7272727272727273,
        "Marketing": 0.46153846153846156,
        "Other": 0.8296296296296296,
        "Project Management": 0.7586206896551724,
        "Purchasing": 0.6,
        "Sales": 0.7428571428571429
      },
      "test_samples": 239
    }
  },
  "seniority": {
    "in_distribution": {
      "accuracy": 1.0,
      "test_samples": 482
    },
    "real_world": {
      "accuracy": 0.5983263598326359,
      "precision": 0.5412720959595959,
      "recall": 0.6412936640853504,
      "f1_macro": 0.5386165098115892,
      "f1_weighted": 0.6269300328689281,
      "per_class_f1": {
        "Director": 0.3137254901960784,
        "Junior": 0.625,
        "Lead": 0.4888888888888889,
        "Management": 0.7969924812030075,
        "Professional": 0.6666666666666666,
        "Senior": 0.3404255319148936
      },
      "test_samples": 239
    }
  },
  "metadata": {
    "evaluation_split": {
      "csv_dev_size": 4004,
      "csv_test_size": 1002,
      "json_dev_size": 239,
      "json_test_size": 239
    },
    "training_samples": 5006,
    "dept_training_samples": 2597,
    "sen_training_samples": 2409,
    "fuzzy_threshold": 0.8,
    "dept_default": "Other",
    "sen_default": "Professional",
    "match_methods": {
      "department": {
        "exact": 13,
        "substring": 16,
        "keyword": 85,
        "fuzzy": 20,
        "default": 180
      },
      "seniority": {
        "exact": 32,
        "substring": 66,
        "keyword": 145,
        "fuzzy": 3,
        "default": 68
      }
    }
  },
  "timestamp": "2026-01-25T17:16:57.927140"
}