{
  "approach": "Rule-Based (Exact + Fuzzy Matching) WITH Text Normalization",
  "text_normalization": true,
  "improvements": [
    "Lowercase conversion",
    "Whitespace normalization"
  ],
  "department": {
    "in_distribution": {
      "accuracy": 1.0,
      "test_samples": 2029
    },
    "real_world": {
      "accuracy": 0.6835443037974683,
      "precision": 0.6226925665463214,
      "recall": 0.5313778788959918,
      "f1_macro": 0.5551778191630482,
      "f1_weighted": 0.6847109789172039,
      "per_class_f1": {
        "Administrative": 0.17391304347826086,
        "Business Development": 0.37037037037037035,
        "Consulting": 0.7755102040816326,
        "Customer Support": 0.25,
        "Human Resources": 0.6666666666666666,
        "Information Technology": 0.6290322580645161,
        "Marketing": 0.43902439024390244,
        "Other": 0.7584830339321357,
        "Project Management": 0.6153846153846154,
        "Purchasing": 0.7272727272727273,
        "Sales": 0.7012987012987013
      },
      "test_samples": 474
    }
  },
  "seniority": {
    "in_distribution": {
      "accuracy": 1.0,
      "test_samples": 1886
    },
    "real_world": {
      "accuracy": 0.6118143459915611,
      "precision": 0.5734552124712308,
      "recall": 0.6492793860982811,
      "f1_macro": 0.5667310090092186,
      "f1_weighted": 0.6396359375235054,
      "per_class_f1": {
        "Director": 0.3950617283950617,
        "Junior": 0.56,
        "Lead": 0.627906976744186,
        "Management": 0.7619047619047619,
        "Professional": 0.6394052044609665,
        "Senior": 0.4161073825503356
      },
      "test_samples": 474
    }
  },
  "metadata": {
    "evaluation_split": {
      "csv_dev_size": 15658,
      "csv_test_size": 3915,
      "json_dev_size": 4,
      "json_test_size": 474
    },
    "training_samples": 19573,
    "dept_training_samples": 10145,
    "sen_training_samples": 9428,
    "fuzzy_threshold": 0.8,
    "dept_default": "Other",
    "sen_default": "Professional",
    "match_methods": {
      "department": {
        "exact": 24,
        "substring": 26,
        "keyword": 67,
        "fuzzy": 32,
        "default": 165
      },
      "seniority": {
        "exact": 91,
        "substring": 77,
        "keyword": 81,
        "fuzzy": 0,
        "default": 65
      }
    }
  },
  "timestamp": "2026-01-26T03:15:49.173768"
}