{
  "approach": "Rule-Based (No Fallback)",
  "department": {
    "accuracy": 0.2848101265822785,
    "f1_macro": 0.4463754254479541,
    "precision": 0.5915525074764204,
    "recall": 0.4235883244718634
  },
  "seniority": {
    "accuracy": 0.4578059071729958,
    "f1_macro": 0.4158956952764837
  },
  "metadata": {
    "note": "This version excludes fallbacks to show raw matching capability.",
    "enhanced_accuracy_dept": 0.6835443037974683,
    "enhanced_accuracy_sen": 0.6118143459915611
  }
}