{
  "approach": "Rule-Based (Exact + Fuzzy Matching)",
  "department": {
    "accuracy": 0.5878661087866108,
    "precision": 0.6456147616919706,
    "recall": 0.21331250349121664,
    "f1_macro": 0.2500547704558922,
    "f1_weighted": 0.48011727033214757,
    "per_class_f1": {
      "Administrative": 0.0,
      "Business Development": 0.36363636363636365,
      "Consulting": 0.1935483870967742,
      "Customer Support": 0.0,
      "Human Resources": 0.0,
      "Information Technology": 0.07017543859649122,
      "Marketing": 0.10526315789473684,
      "Other": 0.7198838896952104,
      "Project Management": 0.56,
      "Purchasing": 0.5,
      "Sales": 0.23809523809523808
    }
  },
  "seniority": {
    "accuracy": 0.12761506276150628,
    "precision": 0.41742160278745644,
    "recall": 0.12047921592033031,
    "f1_macro": 0.167810483167626,
    "f1_weighted": 0.19862208862731875,
    "per_class_f1": {
      "Director": 0.1875,
      "Junior": 0.2,
      "Lead": 0.23931623931623933,
      "Management": 0.4228571428571429,
      "Other": 0.0,
      "Professional": 0.0,
      "Senior": 0.125
    }
  },
  "metadata": {
    "training_samples": 5006,
    "dept_training_samples": 2597,
    "sen_training_samples": 2409,
    "fuzzy_threshold": 0.8,
    "match_methods": {
      "department": {
        "exact": 11,
        "substring": 12,
        "keyword": 0,
        "default": 291
      },
      "seniority": {
        "exact": 30,
        "substring": 54,
        "keyword": 0,
        "default": 230
      }
    }
  },
  "timestamp": "2026-01-24T17:12:53.268628"
}