{
  "approach": "Rule-Based (Exact + Fuzzy Matching) WITH Text Normalization",
  "text_normalization": true,
  "improvements": [
    "Lowercase conversion",
    "Whitespace normalization"
  ],
  "department": {
    "accuracy": 0.7133891213389121,
    "precision": 0.6685786639830757,
    "recall": 0.5151013579259224,
    "f1_macro": 0.564528503785355,
    "f1_weighted": 0.7051339652869408,
    "per_class_f1": {
      "Administrative": 0.18181818181818182,
      "Business Development": 0.4166666666666667,
      "Consulting": 0.6666666666666666,
      "Customer Support": 0.25,
      "Human Resources": 0.6153846153846154,
      "Information Technology": 0.6554621848739496,
      "Marketing": 0.5517241379310345,
      "Other": 0.7910447761194029,
      "Project Management": 0.6037735849056604,
      "Purchasing": 0.7272727272727273,
      "Sales": 0.75
    }
  },
  "seniority": {
    "accuracy": 0.6255230125523012,
    "precision": 0.5230735089940176,
    "recall": 0.5846788513666239,
    "f1_macro": 0.5342781658829221,
    "f1_weighted": 0.6340327690478458,
    "per_class_f1": {
      "Director": 0.21333333333333335,
      "Junior": 0.5384615384615384,
      "Lead": 0.47058823529411764,
      "Management": 0.8194444444444444,
      "Professional": 0.696551724137931,
      "Senior": 0.4672897196261682
    }
  },
  "metadata": {
    "training_samples": 5006,
    "dept_training_samples": 2597,
    "sen_training_samples": 2409,
    "fuzzy_threshold": 0.8,
    "dept_default": "Other",
    "sen_default": "Professional",
    "match_methods": {
      "department": {
        "exact": 11,
        "substring": 12,
        "keyword": 89,
        "default": 183
      },
      "seniority": {
        "exact": 31,
        "substring": 53,
        "keyword": 159,
        "default": 69
      }
    }
  },
  "timestamp": "2026-01-25T03:26:21.244317"
}