{
  "approach": "Rule-Based (Exact + Fuzzy Matching) WITH Text Normalization",
  "text_normalization": true,
  "improvements": [
    "Lowercase conversion",
    "Whitespace normalization"
  ],
  "department": {
    "in_distribution": {
      "accuracy": 1.0,
      "test_samples": 2029
    },
    "real_world": {
      "accuracy": 0.6979166666666666,
      "precision": 0.630115167851017,
      "recall": 0.5077961432506887,
      "f1_macro": 0.535260370697264,
      "f1_weighted": 0.6950680960086301,
      "per_class_f1": {
        "Administrative": 0.0,
        "Business Development": 0.8,
        "Consulting": 0.8,
        "Customer Support": 0.0,
        "Human Resources": 0.5,
        "Information Technology": 0.8,
        "Marketing": 0.3333333333333333,
        "Other": 0.7378640776699029,
        "Project Management": 0.6666666666666666,
        "Purchasing": 0.5,
        "Sales": 0.75
      },
      "test_samples": 96
    }
  },
  "seniority": {
    "in_distribution": {
      "accuracy": 1.0,
      "test_samples": 1886
    },
    "real_world": {
      "accuracy": 0.5520833333333334,
      "precision": 0.5575757575757575,
      "recall": 0.6487654320987654,
      "f1_macro": 0.5136472865196269,
      "f1_weighted": 0.6009258582729328,
      "per_class_f1": {
        "Director": 0.3333333333333333,
        "Junior": 0.5714285714285714,
        "Lead": 0.65,
        "Management": 0.7307692307692307,
        "Professional": 0.5106382978723404,
        "Senior": 0.2857142857142857
      },
      "test_samples": 96
    }
  },
  "metadata": {
    "evaluation_split": {
      "csv_dev_size": 15658,
      "csv_test_size": 3915,
      "json_dev_size": 382,
      "json_test_size": 96
    },
    "training_samples": 19573,
    "dept_training_samples": 10145,
    "sen_training_samples": 9428,
    "fuzzy_threshold": 0.8,
    "dept_default": "Other",
    "sen_default": "Professional",
    "match_methods": {
      "department": {
        "exact": 24,
        "substring": 26,
        "keyword": 67,
        "default": 165
      },
      "seniority": {
        "exact": 91,
        "substring": 77,
        "keyword": 81,
        "default": 65
      }
    }
  },
  "timestamp": "2026-01-25T15:39:52.946096"
}