{
  "approach": "TF-IDF + Logistic Regression",
  "department": {
    "in_distribution_accuracy": 0.9326923076923077,
    "real_world_accuracy": 0.3891213389121339,
    "real_world_precision": 0.45688003657587023,
    "real_world_recall": 0.42827095559991885,
    "real_world_f1_macro": 0.40567745167064656,
    "real_world_f1_weighted": 0.43130945890740696,
    "per_class_f1": {
      "Administrative": 0.0,
      "Business Development": 0.25,
      "Consulting": 0.43037974683544306,
      "Customer Support": 0.3333333333333333,
      "Human Resources": 0.6153846153846154,
      "Information Technology": 0.29411764705882354,
      "Marketing": 0.5625,
      "Other": 0.45348837209302323,
      "Project Management": 0.2682926829268293,
      "Purchasing": 0.631578947368421,
      "Sales": 0.6233766233766234
    }
  },
  "seniority": {
    "in_distribution_accuracy": 0.9522821576763485,
    "real_world_accuracy": 0.41631799163179917,
    "real_world_precision": 0.41355820105820107,
    "real_world_recall": 0.584158169165908,
    "real_world_f1_macro": 0.41125293943107005,
    "real_world_f1_weighted": 0.41335394922796737,
    "per_class_f1": {
      "Director": 0.6865671641791045,
      "Junior": 0.1038961038961039,
      "Lead": 0.5664739884393064,
      "Management": 0.7711864406779662,
      "Professional": 0.0,
      "Senior": 0.3393939393939394
    }
  },
  "metadata": {
    "training_samples": 8000,
    "dept_train_samples": 5500,
    "dept_vocab_size": 3012,
    "sen_train_samples": 2500,
    "sen_vocab_size": 1550,
    "max_features": {
      "department": 5000,
      "seniority": 3000
    },
    "ngram_range": "(1, 2)",
    "C": 1.0
  },
  "timestamp": "2026-01-13T09:41:25.904636"
}