{
  "approach": "TF-IDF + Logistic Regression",
  "department": {
    "accuracy": 0.2196652719665272,
    "precision": 0.37101596598164105,
    "recall": 0.32971766810821496,
    "f1_macro": 0.28306638660980804,
    "f1_weighted": 0.18623453402150583,
    "per_class_f1": {
      "Administrative": 0.0,
      "Business Development": 0.3333333333333333,
      "Consulting": 0.7555555555555555,
      "Customer Support": 0.0,
      "Human Resources": 0.6363636363636364,
      "Information Technology": 0.43956043956043955,
      "Marketing": 0.16666666666666666,
      "Other": 0.0,
      "Project Management": 0.5777777777777777,
      "Purchasing": 0.0,
      "Sales": 0.20447284345047922
    }
  },
  "seniority": {
    "accuracy": 0.4225941422594142,
    "precision": 0.39126005681703063,
    "recall": 0.5264029244471061,
    "f1_macro": 0.4055916571327247,
    "f1_weighted": 0.37093063645016455,
    "per_class_f1": {
      "Director": 0.6470588235294118,
      "Junior": 0.2857142857142857,
      "Lead": 0.45901639344262296,
      "Management": 0.6976744186046512,
      "Professional": 0.0,
      "Senior": 0.34408602150537637
    }
  },
  "metadata": {
    "training_samples": 15658,
    "dept_train_samples": 8116,
    "dept_vocab_size": 3253,
    "sen_train_samples": 7542,
    "sen_vocab_size": 3000,
    "max_features": {
      "department": 5000,
      "seniority": 3000
    },
    "ngram_range": "(1, 2)",
    "C": 1.0
  },
  "timestamp": "2026-01-07T13:24:51.840283"
}