{
  "approach": "Transformer (DistilBERT Fine-Tuned)",
  "department": {
    "in_distribution_accuracy": 0.9931000492853622,
    "real_world_accuracy": 0.3075313807531381,
    "real_world_precision": 0.35586540385835636,
    "real_world_recall": 0.513323031631467,
    "real_world_f1_macro": 0.35333076348651904,
    "real_world_f1_weighted": 0.2343045831575312,
    "per_class_f1": {
      "Administrative": 0.04878048780487805,
      "Business Development": 0.3125,
      "Consulting": 0.391304347826087,
      "Customer Support": 0.35294117647058826,
      "Human Resources": 0.17886178861788618,
      "Information Technology": 0.5454545454545454,
      "Marketing": 0.4878048780487805,
      "Other": 0.015810276679841896,
      "Project Management": 0.5952380952380952,
      "Purchasing": 0.24561403508771928,
      "Sales": 0.7123287671232876
    }
  },
  "seniority": {
    "in_distribution_accuracy": 0.996288441145281,
    "real_world_accuracy": 0.46443514644351463,
    "real_world_precision": 0.4083347294260607,
    "real_world_recall": 0.6138572700483492,
    "real_world_f1_macro": 0.434194455859588,
    "real_world_f1_weighted": 0.43220955582183596,
    "per_class_f1": {
      "Director": 0.704225352112676,
      "Junior": 0.12631578947368421,
      "Lead": 0.6666666666666666,
      "Management": 0.751937984496124,
      "Professional": 0.0,
      "Senior": 0.35602094240837695
    }
  },
  "metadata": {
    "model_name": "distilbert-base-multilingual-cased",
    "training_samples": 15658,
    "dept_train_samples": 8116,
    "dept_val_samples": 2029,
    "sen_train_samples": 7542,
    "sen_val_samples": 1886,
    "epochs": 3,
    "batch_size": 16,
    "learning_rate": 2e-05
  },
  "timestamp": "2026-01-26T17:41:36.985671"
}